CODE DEPARTEMENT,Code Collectivité,Nom de la collectivité,FB - Exonération partielle VL log. anciens économes en énergie (art. 1383 OB CGI) - Durée,FB - Exonération partielle VL log. anciens économes en énergie (art. 1383 OB CGI) - Taux,FB - Exonération partielle VL log. anciens économes en énergie (art. 1383 OB CGI) - Date,SIREN EPCI,Nom EPCI,code,population,taux
75,056,VILLE DE PARIS,3,100,16/12/22,200054781,Métropole du Grand Paris,75056,2113705,100
44,109,NANTES,3,50,24/06/22,244400404,Nantes Métropole,44109,325070,50
51,454,REIMS,3,50,29/09/14,200067213,CU du Grand Reims,51454,178478,50
14,118,CAEN,3,50,29/09/14,200065597,CU Caen la Mer,14118,108398,50
59,512,ROUBAIX,3,100,26/06/08,200093201,Métropole Européenne de Lille,59512,99507,100
92,063,RUEIL MALMAISON,3,50,01/07/11,200054781,Métropole du Grand Paris,92063,80842,50
95,127,CERGY,3,50,07/09/23,249500109,CA de Cergy-Pontoise,95127,69578,50
33,318,PESSAC,3,50,28/09/21,243300316,Bordeaux Métropole,33318,66874,50
91,228,EVRY-COURCOURONNES,3,50,26/09/19,200059228,CA Grand Paris Sud Seine Essonne Sénart,91228,66700,50
94,041,IVRY SUR SEINE,3,50,24/09/15,200054781,Métropole du Grand Paris,94041,64526,50
82,121,MONTAUBAN,3,50,30/09/14,248200099,CA Grand Montauban,82121,62487,50
73,065,CHAMBERY,3,50,14/03/22,200069110,CA du Grand Chambéry,73065,60251,50
94,076,VILLEJUIF,3,50,26/09/23,200054781,Métropole du Grand Paris,94076,58142,50
94,046,MAISONS-ALFORT,3,50,29/09/22,200054781,Métropole du Grand Paris,94046,57422,50
60,057,BEAUVAIS,3,100,26/03/21,200067999,CA du Beauvaisis,60057,55906,100
93,031,EPINAY SUR SEINE,3,50,25/09/08,200054781,Métropole du Grand Paris,93031,53564,50
91,377,MASSY,3,50,24/09/20,200056232,CA Communauté Paris-Saclay,91377,50597,50
44,162,ST HERBLAIN,3,50,08/10/09,244400404,Nantes Métropole,44162,50561,50
85,194,LES SABLES D'OLONNE,3,50,14/11/22,200071165,CA Les Sables d'Olonne Agglomération,85194,48740,50
93,053,NOISY LE SEC,3,50,25/09/08,200054781,Métropole du Grand Paris,93053,45915,50
08,105,CHARLEVILLE MEZIERES,3,50,12/04/18,200041630,CA Ardenne Métropole,08105,45634,50
65,440,TARBES,3,50,26/09/22,200069300,CA Tarbes-Lourdes-Pyrénées,65440,44529,50
78,361,MANTES-LA-JOLIE,3,50,25/06/07,200059889,CU Grand Paris Seine et Oise,78361,44246,50
13,047,ISTRES,3,50,24/06/09,200054807,Métropole d'Aix-Marseille-Provence,13047,44044,50
57,672,THIONVILLE,3,50,29/09/09,245701362,CA Portes de France-Thionville,57672,42778,50
31,149,COLOMIERS,3,50,27/09/23,243100518,Toulouse Métropole,31149,40916,50
93,032,GAGNY,3,50,01/07/21,200054781,Métropole du Grand Paris,93032,40790,50
93,072,STAINS,3,50,22/09/16,200054781,Métropole du Grand Paris,93072,40600,50
26,198,MONTELIMAR,3,50,30/03/09,200040459,CA Montélimar Agglomération,26198,40356,50
59,178,DOUAI,3,50,14/06/19,200044618,CA Douaisis Agglo,59178,39833,50
77,373,PONTAULT COMBAULT,3,50,01/07/19,200057958,CA Paris - Vallée de la Marne,77373,38941,50
69,149,OULLINS,3,50,08/07/21,200046977,Métropole de Lyon,69149,37928,50
91,589,SAVIGNY SUR ORGE,3,100,24/06/19,200054781,Métropole du Grand Paris,91589,37775,100
67,180,HAGUENAU,3,100,28/04/10,200067874,CA de Haguenau,67180,36070,100
91,477,PALAISEAU,3,100,12/04/21,200056232,CA Communauté Paris-Saclay,91477,36067,100
91,549,STE GENEVIEVE DES BOIS,3,50,05/04/23,200057859,CA Coeur d'Essonne Agglomération,91549,35714,50
33,449,SAINT-MEDARD-EN-JALLES,3,50,28/06/23,243300316,Bordeaux Métropole,33449,32749,50
62,498,LENS,3,100,25/06/19,246200364,CA de Lens - Liévin,62498,32697,100
33,039,BEGLES,3,50,28/09/17,243300316,Bordeaux Métropole,33039,30968,50
93,014,CLICHY SOUS BOIS,3,50,23/05/19,200054781,Métropole du Grand Paris,93014,29551,50
67,218,ILLKIRCH-GRAFFENSTADEN,3,100,21/09/23,246700488,Eurométropole de Strasbourg,67218,27339,100
24,037,BERGERAC,3,100,24/06/10,200070647,CA Bergeracoise,24037,26852,100
59,017,ARMENTIERES,3,50,24/09/15,200093201,Métropole Européenne de Lille,59017,26107,50
44,215,VERTOU,3,50,15/12/22,244400404,Nantes Métropole,44215,26048,50
95,572,ST OUEN L'AUMONE,3,50,11/02/21,249500109,CA de Cergy-Pontoise,95572,25614,50
33,243,LIBOURNE,3,100,19/09/22,200070092,CA du Libournais,33243,24668,100
12,202,RODEZ,3,50,24/09/21,241200187,CA Rodez Agglomération,12202,24136,50
92,072,SEVRES,3,50,02/07/09,200054781,Métropole du Grand Paris,92072,22782,50
68,297,SAINT-LOUIS,3,50,27/09/18,200066058,CA Saint-Louis Agglomération,68297,22530,50
45,284,SAINT JEAN DE BRAYE,3,50,29/09/23,244500468,Orléans Métropole,45284,22088,50
47,323,VILLENEUVE SUR LOT,3,50,29/03/07,200023307,CA du Grand Villeneuvois,47323,22004,50
77,243,LAGNY SUR MARNE,3,50,14/11/18,247700594,CA Marne et Gondoire,77243,21433,50
92,014,BOURG LA REINE,3,50,27/09/23,200054781,Métropole du Grand Paris,92014,21140,50
91,345,LONGJUMEAU,3,50,30/03/21,200056232,CA Communauté Paris-Saclay,91345,20470,50
31,157,CUGNAUX,3,100,24/02/20,243100518,Toulouse Métropole,31157,20239,100
92,022,CHAVILLE,3,50,27/03/23,200054781,Métropole du Grand Paris,92022,20198,50
76,451,MONT SAINT AIGNAN,3,50,20/09/07,200023414,Métropole Rouen Normandie,76451,20188,50
78,123,CARRIERES-SOUS-POISSY,3,50,26/09/23,200059889,CU Grand Paris Seine et Oise,78123,19951,50
06,085,MOUGINS,3,50,21/09/09,200039915,CA Cannes Pays de Lérins,06085,19481,50
91,326,JUVISY SUR ORGE,3,50,27/06/19,200054781,Métropole du Grand Paris,91326,18978,50
35,051,CESSON SEVIGNE,3,50,26/09/07,243500139,Rennes Métropole,35051,18076,50
78,686,VIROFLAY,3,50,09/03/23,247800584,CA Versailles Grand Parc (CAVGP),78686,16943,50
74,243,SAINT-JULIEN-EN-GENEVOIS,3,50,21/04/22,247400690,CC du Genevois,74243,15925,50
13,039,FOS SUR MER,3,50,08/04/10,200054807,Métropole d'Aix-Marseille-Provence,13039,15694,50
54,528,TOUL,3,50,24/09/08,200070563,CC Terres Touloises,54528,15570,50
42,186,RIVE DE GIER,3,50,25/03/10,244200770,Saint-Etienne Métropole,42186,15457,50
13,015,BOUC BEL AIR,3,100,19/09/16,200054807,Métropole d'Aix-Marseille-Provence,13015,15367,100
70,550,VESOUL,3,50,23/09/19,247000011,CA de Vesoul,70550,15306,50
57,606,SAINT AVOLD,3,50,03/09/07,200067502,CA Saint-Avold Synergie,57606,14828,50
91,645,VERRIERES LE BUISSON,3,50,25/09/23,200056232,CA Communauté Paris-Saclay,91645,14772,50
10,323,ROMILLY SUR SEINE,3,50,06/09/08,200000545,CC des Portes de Romilly sur Seine,10323,14751,50
59,043,BAILLEUL,3,50,22/09/11,200040947,CA Coeur de Flandre,59043,14734,50
60,176,CREPY EN VALOIS,3,50,30/05/18,246000871,CC du Pays de Valois,60176,14243,50
91,432,MORANGIS,3,50,27/03/17,200054781,Métropole du Grand Paris,91432,13773,50
68,166,KINGERSHEIM,3,100,19/09/18,200066009,CA Mulhouse Alsace Agglomération,68166,13265,100
45,068,CHALETTE SUR LOING,3,50,13/10/08,244500203,CA Montargoise et Rives du Loing (AME),45068,12958,50
83,049,CUERS,3,50,27/09/23,200027100,CC Méditerranée Porte des Maures,83049,12841,50
35,024,BETTON,3,50,07/07/21,243500139,Rennes Métropole,35024,12775,50
44,132,PORNICHET,3,100,22/09/21,244400644,CA de la Région Nazairienne et de l'Estuaire (CARENE),44132,12530,100
63,284,PONT-DU-CHATEAU,3,50,08/07/22,246300701,Clermont Auvergne Métropole,63284,12422,50
06,152,VALBONNE,3,100,06/07/09,240600585,CA de Sophia Antipolis,06152,12389,100
69,027,BRIGNAIS,3,50,17/09/09,246900757,CC de la Vallée du Garon (CCVG),69027,12330,50
48,095,MENDE,3,50,06/04/23,244800405,CC Coeur de Lozère,48095,12322,50
76,057,BARENTIN,3,50,18/09/23,247600646,CC Caux - Austreberthe,76057,12227,50
68,271,RIEDISHEIM,3,50,29/09/22,200066009,CA Mulhouse Alsace Agglomération,68271,12154,50
14,341,IFS,3,50,01/07/19,200065597,CU Caen la Mer,14341,11868,50
76,114,BOLBEC,3,50,24/06/09,200010700,CA Caux Seine Agglo,76114,11618,50
91,552,ST GERMAIN LES ARPAJON,3,50,07/06/07,200057859,CA Coeur d'Essonne Agglomération,91552,11577,50
44,003,ANCENIS ST GEREON EX ANCENIS,3,50,24/09/18,244400552,CC du Pays d'Ancenis,44003,11346,50
83,073,LE LUC,3,50,25/09/09,248300550,CC Coeur du Var,83073,11124,50
78,688,VOISINS-LE-BRETONNEUX,3,50,25/09/23,200058782,CA de Saint Quentin en Yvelines,78688,10740,50
31,588,VILLENEUVE TOLOSANE,3,50,14/09/22,243100518,Toulouse Métropole,31588,10704,50
24,053,BOULAZAC ISLE MANOIRE,3,50,13/07/21,200040392,CA Le Grand Périgueux,24053,10628,50
91,216,EPINAY SUR ORGE,3,50,27/09/22,200056232,CA Communauté Paris-Saclay,91216,10626,50
62,548,MARCK,3,50,30/09/21,200090751,CA Grand Calais Terres et Mers,62548,10468,50
971,24,SAINT-CLAUDE,3,50,26/09/08,249710070,CA Grand Sud Caraïbe,97124,10432,50
76,476,PORT-JEROME-SUR-SEINE,3,100,03/12/20,200010700,CA Caux Seine Agglo,76476,10392,100
91,661,VILLEBON SUR YVETTE,3,50,25/09/14,200056232,CA Communauté Paris-Saclay,91661,10353,50
38,158,EYBENS,3,60,30/09/21,200040715,Grenoble-Alpes-Métropole,38158,10095,60
35,278,SAINT GREGOIRE,3,50,25/09/23,243500139,Rennes Métropole,35278,9992,50
78,643,VERNOUILLET,3,50,30/09/21,200059889,CU Grand Paris Seine et Oise,78643,9953,50
13,050,LAMBESC,3,50,30/09/09,200054807,Métropole d'Aix-Marseille-Provence,13050,9951,50
81,060,CARMAUX,3,50,22/04/14,200040905,CC Carmausin-Ségala,81060,9927,50
44,009,BASSE GOULAINE,3,50,26/06/08,244400404,Nantes Métropole,44009,9617,50
47,201,LE PASSAGE,3,50,21/09/09,200096956,CA Agglomération d'Agen,47201,9360,50
14,488,OUISTREHAM,3,50,13/09/21,200065597,CU Caen la Mer,14488,9261,50
19,275,USSEL,3,100,12/06/19,200066744,CC Haute-Corrèze Communauté,19275,9174,100
91,105,BREUILLET,3,50,24/09/08,200057859,CA Coeur d'Essonne Agglomération,91105,9023,50
85,234,ST JEAN DE MONTS,3,50,20/09/11,248500258,CC Océan Marais de Monts,85234,8809,50
35,334,THORIGNE FOUILLARD,3,50,13/03/23,243500139,Rennes Métropole,35334,8631,50
53,097,EVRON,3,50,23/09/19,200033298,CC des Coëvrons,53097,8380,50
42,094,FEURS,3,50,04/07/07,200065894,CC de Forez-Est,42094,8370,50
37,018,BALLAN-MIRE,3,50,24/09/10,243700754,Tours Métropole Val de Loire,37018,8347,50
76,095,BIHOREL,3,50,05/07/22,200023414,Métropole Rouen Normandie,76095,8299,50
17,449,TONNAY CHARENTE,3,50,30/08/07,200041762,CA Rochefort Océan,17449,8248,50
38,509,LA TOUR DU PIN,3,50,23/04/19,200068567,CC Les Vals du Dauphiné,38509,8123,50
19,123,MALEMORT,3,100,22/09/16,200043172,CA du Bassin de Brive,19123,7995,100
78,322,JOUY-EN-JOSAS,3,50,26/09/22,247800584,CA Versailles Grand Parc (CAVGP),78322,7985,50
16,113,LA COURONNE,3,50,30/09/11,200071827,CA du Grand Angoulême,16113,7759,50
78,575,ST-REMY-LES-CHEVREUSE,3,50,23/06/09,200033173,CC de la Haute Vallée de Chevreuse,78575,7747,50
17,200,LAGORD,3,50,20/09/23,241700434,CA de La Rochelle,17200,7594,50
07,281,ST PERAY,3,50,25/03/21,200041366,CC Rhône Crussol,07281,7591,50
44,043,CLISSON,3,50,22/09/23,200067635,CA Clisson Sèvre et Maine Agglo,44043,7459,50
38,179,GIERES,3,100,26/03/18,200040715,Grenoble-Alpes-Métropole,38179,7353,100
86,214,SAINT BENOIT,3,50,27/06/07,200069854,CU du Grand Poitiers,86214,7306,50
34,023,BALARUC LES BAINS,3,100,25/09/14,200066355,CA Sète Agglopôle Méditerranée,34023,7136,100
62,497,LEFOREST,3,100,28/09/11,246200299,CA d'Hénin-Carvin,62497,7120,100
29,293,TREGUNC,3,50,19/09/08,242900769,CA Concarneau Cornouaille Agglomération,29293,7094,50
78,466,ORGEVAL,3,50,27/09/10,200059889,CU Grand Paris Seine et Oise,78466,7092,50
62,270,DIVION,3,50,23/09/11,200072460,"CA de Béthune-Bruay, Artois-Lys Romane",62270,6830,50
13,105,SENAS,3,50,25/09/08,200054807,Métropole d'Aix-Marseille-Provence,13105,6829,50
86,137,LOUDUN,3,100,16/12/15,248600447,CC du Pays Loudunais,86137,6791,100
29,150,MOELAN SUR MER,3,50,30/09/20,242900694,CA Quimperlé Communauté,29150,6763,50
81,120,LABRUGUIERE,3,50,28/09/17,248100430,CA de Castres Mazamet,81120,6567,50
63,003,AMBERT,3,50,20/09/11,200070761,CC Ambert Livradois Forez,63003,6556,50
71,230,GUEUGNON,3,50,24/09/09,200070316,"CC Entre Arroux, Loire et Somme",71230,6547,50
31,165,EAUNES,3,50,24/09/15,200068641,CA Le Muretain Agglo,31165,6525,50
88,321,NEUFCHATEAU,3,50,23/09/13,200068559,CC de l'Ouest Vosgien,88321,6507,50
32,107,CONDOM,3,50,31/03/15,243200417,CC de la Tenarèze,32107,6454,50
74,164,MARIGNIER,3,50,17/09/21,200000172,CC Faucigny - Glières,74164,6432,50
01,419,THOIRY,3,50,26/09/23,240100750,CA du Pays de Gex,01419,6356,50
74,008,AMBILLY,3,50,16/07/09,200011773,CA Annemasse-Les Voirons-Agglomération,74008,6269,50
68,145,HORBOURG-WIHR,3,50,14/09/09,246800726,CA Colmar Agglomération,68145,6247,50
85,151,MORTAGNE SUR SEVRE,3,50,25/09/14,248500662,CC du Pays de Mortagne,85151,6065,50
83,055,FAYENCE,3,50,28/09/09,200004802,CC du Pays de Fayence,83055,6024,50
03,082,COMMENTRY,3,50,07/06/22,200071512,CC Commentry Montmarault Néris Communauté,03082,6018,50
14,174,CONDE-EN-NORMANDIE,3,50,25/09/17,200068799,CC Intercom de la Vire au Noireau,14174,6018,50
78,117,BUC,3,50,25/09/23,247800584,CA Versailles Grand Parc (CAVGP),78117,5868,50
33,090,CANEJAN,3,50,11/07/19,243301165,CC Jalle-Eau-Bourde,33090,5836,50
08,363,REVIN,3,50,28/09/23,240800821,"CC Ardenne, Rives de Meuse",08363,5795,50
67,520,WASSELONNE,3,100,15/09/14,200068864,CC de la Mossig et du Vignoble,67520,5777,100
94,065,RUNGIS,3,50,23/06/23,200054781,Métropole du Grand Paris,94065,5669,50
69,278,GENAY,3,50,25/09/08,200046977,Métropole de Lyon,69278,5632,50
49,020,BEAUCOUZE,3,50,15/10/20,244900015,CU Angers Loire Métropole,49020,5618,50
13,114,VENTABREN,3,50,28/09/11,200054807,Métropole d'Aix-Marseille-Provence,13114,5613,50
55,122,COMMERCY,3,100,07/09/20,200066157,CC de Commercy - Void - Vaucouleurs,55122,5332,100
10,297,PONT-SAINTE-MARIE,3,50,22/06/23,200069250,CA Troyes Champagne Métropole,10297,5202,50
62,523,LOISON SOUS LENS,3,100,05/07/23,246200364,CA de Lens - Liévin,62523,5202,100
90,099,VALDOIE,3,50,11/10/07,200069052,CA Grand Belfort,90099,5193,50
42,332,VILLEREST,3,50,25/09/14,200035731,CA Roannais Agglomération,42332,5175,50
68,042,BLOTZHEIM,3,50,08/09/22,200066058,CA Saint-Louis Agglomération,68042,5077,50
62,132,BILLY BERCLAU,3,50,17/12/15,200072460,"CA de Béthune-Bruay, Artois-Lys Romane",62132,5076,50
59,459,PETITE FORET,3,50,19/09/12,245901160,CA Valenciennes Métropole,59459,5058,50
88,367,RAMBERVILLERS,3,50,11/06/09,200005957,CC de la Région de Rambervillers,88367,5032,50
68,298,SAINTE-MARIE-AUX-MINES,3,50,18/07/12,246800395,CC du Val d'Argent,68298,4945,50
87,201,VERNEUIL-SUR-VIENNE,3,50,19/09/13,248719312,CU Limoges Métropole,87201,4940,50
91,044,BALLAINVILLIERS,3,50,29/09/22,200056232,CA Communauté Paris-Saclay,91044,4838,50
65,460,VIC-EN-BIGORRE,3,100,25/09/23,200072106,CC Adour Madiran,65460,4830,100
67,472,SOUFFLENHEIM,3,50,25/09/08,200041325,CC du Pays Rhénan,67472,4775,50
27,065,BEUZEVILLE,3,50,11/12/08,200066827,CC du Pays de Honfleur-Beuzeville,27065,4697,50
17,218,MARANS,3,100,10/09/19,200041499,CC Aunis Atlantique,17218,4487,100
42,022,BONSON,3,100,07/07/22,200065886,CA Loire Forez Agglomération (LFA),42022,4478,100
35,125,LA GUERCHE DE BRETAGNE,3,50,28/09/23,200039022,CA Vitré Communauté,35125,4450,50
69,013,ARNAS,3,50,12/07/21,200040590,CA Villefranche Beaujolais Saône,69013,4408,50
80,368,FRIVILLE-ESCARBOTIN,3,100,23/12/14,200070944,CC du Vimeu,80368,4394,100
91,534,SACLAY,3,50,18/03/09,200056232,CA Communauté Paris-Saclay,91534,4380,50
86,082,VALENCE EN POITOU,3,50,12/11/20,200070035,CC du Civraisien en Poitou,86082,4323,50
15,267,YTRAC,3,50,25/09/09,241500230,CA du Bassin d'Aurillac,15267,4316,50
26,037,BEAUMONT LES VALENCE,3,50,14/09/07,200068781,CA Valence Romans Agglo,26037,4272,50
89,418,TONNERRE,3,50,24/09/14,200039642,CC Le Tonnerrois en Bourgogne,89418,4268,50
71,499,SANVIGNES LES MINES,3,50,14/12/20,247100290,CU Le Creusot Montceau-les-Mines,71499,4265,50
31,066,BESSIERES,3,50,19/09/18,243100773,CC Val'Aïgo,31066,4238,50
44,074,INDRE,3,50,28/09/23,244400404,Nantes Métropole,44074,4172,50
51,507,SAINTE MENEHOULD,3,100,13/06/07,200042703,CC de l'Argonne Champenoise,51507,4166,100
61,145,DOMFRONT EN POIRAIE,3,50,29/09/16,200071520,CC Domfront Tinchebray Interco,61145,4131,50
45,067,CHAINGY,3,50,30/03/17,200070183,CC des Terres du Val de Loire,45067,4081,50
46,127,GOURDON,3,50,22/10/14,244600482,CC Quercy - Bouriane,46127,4080,50
72,329,SAVIGNE L'EVEQUE,3,50,01/09/09,200072684,CC Le Gesnois Bilurien,72329,4042,50
27,103,BOURG-ACHARD,3,50,18/12/08,200066405,CC Roumois Seine,27103,4029,50
39,434,POLIGNY,3,50,05/07/13,200071595,"CC Arbois, Poligny, Salins, Coeur du Jura",39434,4007,50
44,150,ST AIGNAN DE GRANDLIEU,3,50,22/06/09,244400404,Nantes Métropole,44150,3991,50
25,463,PONT DE ROIDE,3,50,29/09/23,200065647,CA Pays de Montbéliard Agglomération,25463,3971,50
44,014,LE BIGNON,3,50,18/09/23,244400438,CC Grand Lieu Communauté,44014,3967,50
55,463,ST MIHIEL,3,100,31/07/14,245500327,CC du Sammiellois,55463,3848,100
83,029,CALLIAN,3,50,29/03/12,200004802,CC du Pays de Fayence,83029,3794,50
30,350,LE VIGAN,3,100,25/09/18,243000270,CC du Pays Viganais,30350,3786,100
87,126,ROCHECHOUART,3,100,27/09/19,200059400,CC Porte Océane du Limousin,87126,3637,100
26,271,LA ROCHE DE GLUN,3,50,09/09/08,200073096,CA Arche Agglo,26271,3579,50
31,454,RIEUMES,3,100,19/09/23,200068815,CC Coeur de Garonne,31454,3564,100
14,342,ISIGNY-SUR-MER,3,100,20/09/22,200066801,CC Isigny-Omaha Intercom,14342,3549,100
81,218,PUYGOUZON,3,100,26/09/16,248100737,CA de l'Albigeois (C2A),81218,3549,100
81,222,REALMONT,3,50,26/09/19,200034049,CC Centre Tarn,81222,3542,50
49,292,VAL DU LAYON,3,50,06/09/16,200071553,CC Loire Layon Aubance,49292,3508,50
07,331,VALS LES BAINS,3,50,16/09/13,200073245,CC du Bassin d'Aubenas,07331,3479,50
40,283,SAINT-VINCENT-DE-PAUL,3,50,23/09/08,244000675,CA du Grand Dax,40283,3384,50
63,050,BRASSAC LES MINES,3,50,02/12/15,200070407,CA Agglo Pays d'Issoire,63050,3380,50
35,162,LOUVIGNE DU DESERT,3,100,23/09/21,200072452,CA Fougères Agglomération,35162,3352,100
77,121,COLLEGIEN,3,100,20/04/23,247700594,CA Marne et Gondoire,77121,3332,100
22,325,SAINT-QUAY-PORTRIEUX,3,50,05/09/13,200069409,CA Saint-Brieuc Armor Agglomération,22325,3253,50
07,055,CHARMES SUR RHONE,3,100,29/09/09,200041366,CC Rhône Crussol,07055,3160,100
77,099,CHATEAU LANDON,3,50,19/12/14,200023919,CC Gâtinais Val de Loing,77099,3150,50
31,364,MONTBERON,3,50,28/08/07,243100815,CC des Coteaux Bellevue,31364,3121,50
16,085,CHASSENEUIL SR BONNIEURE,3,50,28/09/23,200072049,CC de Charente Limousine,16085,3103,50
24,098,CHAMPCEVINEL,3,100,25/09/23,200040392,CA Le Grand Périgueux,24098,3077,100
69,207,ST GERMAIN AU MONT D'OR,3,60,27/09/21,200046977,Métropole de Lyon,69207,3037,60
23,008,AUBUSSON,3,100,23/09/14,200044014,CC Creuse Grand Sud,23008,3036,100
07,341,VILLENEUVE DE BERG,3,100,25/09/21,240700815,CC Berg et Coiron,07341,3031,100
25,560,THISE,3,100,13/09/13,242500361,CU Grand Besançon Métropole,25560,2990,100
86,180,NOUAILLE MAUPERTUIS,3,100,27/09/11,200043628,CC des Vallées du Clain,86180,2955,100
86,263,SMARVES,3,50,08/09/15,200043628,CC des Vallées du Clain,86263,2941,50
52,550,WASSY,3,50,09/09/08,200068666,CA de Saint-Dizier Der et Blaise,52550,2776,50
61,483,BAGNOLES DE L'ORNE NORMANDIE,3,50,26/09/22,200068443,CC Andaine - Passais,61483,2698,50
59,385,MARPENT,3,50,15/09/09,200043396,CA Maubeuge Val de Sambre,59385,2649,50
24,067,LE BUGUE,3,50,19/09/14,200041168,CC de la Vallée de l'Homme,24067,2638,50
77,494,VERNOU LA CELLE SUR SEIN,3,50,21/09/10,247700032,CC Moret Seine et Loing,77494,2621,50
22,339,TADEN,3,100,31/03/21,200068989,CA Dinan Agglomération,22339,2599,100
57,124,CATTENOM,3,50,27/02/08,245700695,CC de Cattenom et Environs,57124,2593,50
79,014,LORETZ-D'ARGENTON,3,100,27/08/18,247900798,CC du Thouarsais,79014,2590,100
69,231,ST PIERRE LA PALUD,3,50,19/12/18,246900625,CC du Pays de l'Arbresle (CCPA),69231,2586,50
72,223,NOYEN SUR SARTHE,3,50,06/09/07,200040475,CC LBN Communauté,72223,2585,50
72,253,ROEZE SUR SARTHE,3,50,12/07/22,247200629,CC du Val de Sarthe,72253,2546,50
88,447,SAULXURES SUR MOSELOTTE,3,50,28/09/17,200096634,CC des Hautes Vosges,88447,2537,50
72,373,VIBRAYE,3,50,05/09/22,200072692,CC des Vallées de la Braye et de l'Anille,72373,2508,50
19,028,BORT LES ORGUES,3,100,14/05/19,200066744,CC Haute-Corrèze Communauté,19028,2487,100
72,299,SAINT MARS D'OUTILLE,3,100,06/09/19,247200421,CC du Sud Est Manceau,72299,2471,100
38,503,LA TERRASSE,3,50,27/09/12,200018166,CC Le Grésivaudan,38503,2463,50
39,500,SALINS LES BAINS,3,100,29/02/16,200071595,"CC Arbois, Poligny, Salins, Coeur du Jura",39500,2430,100
55,502,STENAY,3,100,14/09/17,200066132,CC du Pays de Stenay et du Val Dunois,55502,2428,100
09,157,LAROQUE D'OLMES,3,100,29/09/09,240900464,CC du Pays d'Olmes,09157,2414,100
79,299,SAINT VARENT,3,50,16/06/08,247900798,CC du Thouarsais,79299,2396,50
79,196,PLAINE-ET-VALLEES,3,50,05/09/19,247900798,CC du Thouarsais,79196,2334,50
57,132,CHATEAU SALINS,3,50,26/04/11,245701206,CC du Saulnois,57132,2294,50
67,311,MUTTERSHOLTZ,3,50,24/09/15,246700967,CC de Sélestat,67311,2288,50
86,140,LUSSAC LES CHATEAUX,3,100,26/09/22,200070043,CC Vienne et Gartempe,86140,2261,100
72,280,SAINT GEORGES DU BOIS,3,50,24/09/12,247200132,CU Le Mans Métropole,72280,2228,50
27,502,RUGLES,3,100,03/09/19,200066462,CC Interco Normandie Sud Eure,27502,2199,100
86,209,LES ROCHES PREMARIE,3,50,16/09/08,200043628,CC des Vallées du Clain,86209,2174,50
33,154,EGLISOTTES ET CHALAURES,3,50,22/09/08,200070092,CA du Libournais,33154,2172,50
13,115,VERNEGUES,3,100,26/09/13,200054807,Métropole d'Aix-Marseille-Provence,13115,2158,100
44,097,MESQUER,3,50,24/09/07,244400610,CA de la Presqu'île de Guérande Atlantique (CAP ATLANTIQUE),44097,2156,50
59,624,VILLERS OUTREAUX,3,50,08/09/20,200030633,CA du Caudrésis et du Catésis,59624,2137,50
16,146,GARAT,3,50,22/03/23,200071827,CA du Grand Angoulême,16146,2111,50
11,360,SAINT-NAZAIRE D'AUDE,3,50,30/09/21,241100593,CA Le Grand Narbonne,11360,2104,50
14,530,RANVILLE,3,50,25/09/08,200065563,CC Normandie-Cabourg-Pays d'Auge,14530,2055,50
38,081,CHARANTONNAY,3,50,30/09/13,243801255,CC Collines Isère Nord Communauté,38081,1993,50
60,369,LONGUEIL STE MARIE,3,50,24/09/20,246000897,CC de la Plaine d'Estrées,60369,1952,50
59,063,BEAUVOIS EN CAMBRESIS,3,50,14/03/14,200030633,CA du Caudrésis et du Catésis,59063,1948,50
41,147,LES MONTILS,3,100,29/08/08,200030385,CA de Blois ''Agglopolys'',41147,1925,100
67,184,HATTEN,3,50,17/12/12,200040178,CC de l'Outre-Forêt,67184,1923,50
66,129,ORTAFFA,3,100,08/07/10,200043602,"CC des Albères, de la Côte Vermeille et de l'Illibéris",66129,1889,100
57,515,NOVEANT SUR MOSELLE,3,50,29/06/16,200070738,CC Mad et Moselle,57515,1861,50
74,124,FEIGERES,3,50,09/09/10,247400690,CC du Genevois,74124,1842,50
46,063,CASTELNAU MONTRATIER,3,50,25/09/19,200039519,CC du Quercy Blanc,46063,1827,50
39,487,ST LAURENT EN GRANDVAUX,3,50,31/08/17,243900610,CC la Grandvallière,39487,1818,50
77,260,LONGUEVILLE,3,50,24/09/08,200037133,CC du Provinois,77260,1802,50
29,198,PLOUIDER,3,50,26/09/08,242900793,CC Communauté Lesneven Côte des Légendes,29198,1801,50
88,428,ST MICHEL SUR MEURTHE,3,50,15/09/15,200071066,CA de Saint-Dié-des-Vosges,88428,1794,50
50,239,THEREVAL,3,100,05/09/17,200066389,CA Saint-Lô Agglo,50239,1781,100
59,126,CANTIN,3,50,03/09/14,200044618,CA Douaisis Agglo,59126,1755,50
22,208,PLOUASNE,3,100,25/02/21,200068989,CA Dinan Agglomération,22208,1749,100
53,039,LE BOURGNEUF LA FORET,3,50,11/09/07,200083392,CA Laval Agglomération,53039,1726,50
59,027,AUBRY DU HAINAUT,3,50,29/09/12,245901160,CA Valenciennes Métropole,59027,1715,50
79,189,NANTEUIL,3,50,12/09/08,200041994,CC Haut Val de Sèvre,79189,1702,50
11,129,ESPERAZA,3,100,18/04/16,200043776,CC Pyrénées audoises,11129,1695,100
81,139,LAUTREC,3,50,01/09/18,200034056,CC du Lautrécois et du Pays d'Agout,81139,1690,50
08,003,AIGLEMONT,3,100,14/09/09,200041630,CA Ardenne Métropole,08003,1675,100
74,021,ARTHAZ PONT NOTRE DAME,3,50,02/09/08,247400583,CC Arve et Salève,74021,1670,50
68,359,WATTWILLER,3,50,18/09/09,200036465,CC de Thann-Cernay,68359,1648,50
33,198,GUITRES,3,50,01/12/16,200070092,CA du Libournais,33198,1637,50
36,128,MONTIERCHAUME,3,50,19/12/20,243600327,CA Châteauroux Métropole,36128,1637,50
74,312,VOUGY,3,100,30/05/12,200000172,CC Faucigny - Glières,74312,1622,100
88,011,ARCHES,3,50,27/09/18,200068757,CA d'Epinal,88011,1614,50
40,228,POMAREZ,3,50,07/07/15,244000881,CC Coteaux et Vallées des Luys,40228,1605,50
66,114,MONTESCOT,3,50,16/09/10,246600282,CC Sud-Roussillon,66114,1595,50
76,414,MARTIN-EGLISE,3,50,27/08/07,247600786,CA de la Région Dieppoise,76414,1595,50
62,817,TILLOY LES MOFFLAINES,3,100,13/12/18,200033579,CU d'Arras,62817,1564,100
35,315,ST SULPICE LA FORET,3,80,07/04/21,243500139,Rennes Métropole,35315,1557,80
40,002,AMOU,3,50,31/05/07,244000881,CC Coteaux et Vallées des Luys,40002,1555,50
68,225,MUNCHHOUSE,3,50,18/09/08,200066025,CC Alsace Rhin Brisach,68225,1538,50
89,077,CHAMPS-SUR-YONNE,3,50,27/09/18,200067114,CA de l'Auxerrois,89077,1534,50
38,068,CHAMPAGNIER,3,50,28/08/23,200040715,Grenoble-Alpes-Métropole,38068,1506,50
05,133,ST CHAFFREY,3,100,27/07/09,240500439,CC du Briançonnais,05133,1504,100
64,485,SAINT JEAN PIED DE PORT,3,50,03/03/08,200067106,CA du Pays Basque,64485,1487,50
60,042,BAILLEVAL,3,50,22/05/08,246000129,CC du Liancourtois,60042,1477,50
67,500,URMATT,3,50,21/02/17,246700306,CC de la Vallée de la Bruche,67500,1476,50
33,339,PRIGNAC-ET-MARCAMPS,3,100,27/06/07,243301223,CC du Grand Cubzaguais,33339,1457,100
38,448,ST PRIM,3,50,10/12/20,200085751,CC Entre Bièvre et Rhône,38448,1454,50
45,122,DAMPIERRE EN BURLY,3,100,24/09/15,200070100,CC du Val de Sully,45122,1454,100
66,222,VERNET LES BAINS,3,50,08/09/08,200049211,CC Conflent-Canigó,66222,1441,50
42,048,CHANDON,3,50,27/01/09,200035202,CC Charlieu-Belmont,42048,1440,50
61,342,RAI,3,100,06/10/20,200068468,CC des Pays de L'Aigle,61342,1437,100
72,118,DOLLON,3,100,21/02/18,200072692,CC des Vallées de la Braye et de l'Anille,72118,1433,100
55,117,CLERMONT EN ARGONNE,3,50,13/10/11,200066116,CC Argonne-Meuse,55117,1428,50
71,212,GENELARD,3,100,08/08/08,247100290,CU Le Creusot Montceau-les-Mines,71212,1407,100
24,289,MONTCARET,3,50,12/05/11,200034197,CC de Montaigne Montravel et Gurson,24289,1405,50
45,261,REBRECHIEN,3,50,27/09/19,244500484,CC de la Forêt,45261,1396,50
08,346,PRIX LES MEZIERES,3,50,25/06/12,200041630,CA Ardenne Métropole,08346,1387,50
62,620,NORRENT FONTES,3,100,03/10/08,200072460,"CA de Béthune-Bruay, Artois-Lys Romane",62620,1372,100
18,126,LEVET,3,100,04/09/14,200027076,CC Arnon Boischaut Cher,18126,1367,100
14,328,HEROUVILLETTE,3,100,17/09/08,200065563,CC Normandie-Cabourg-Pays d'Auge,14328,1353,100
08,365,RIMOGNE,3,50,14/06/10,200067759,CC Vallées et Plateau d'Ardenne,08365,1328,50
55,519,TRONVILLE EN BARROIS,3,50,23/08/23,200033025,CA de Bar-le-Duc - Sud Meuse,55519,1319,50
04,178,SAINT-ETIENNE LES ORGUES,3,50,10/02/20,240400440,CC Pays Forcalquier et Montagne de Lure,04178,1297,50
79,157,LOUZY,3,100,12/09/16,247900798,CC du Thouarsais,79157,1292,100
89,130,DEUX RIVIERES,3,50,10/02/23,200067080,CC Chablis Villages et Terroirs,89130,1272,50
30,342,VENEJAN,3,50,14/10/20,200034692,CA du Gard Rhodanien,30342,1262,50
62,323,FAMPOUX,3,50,16/12/13,200033579,CU d'Arras,62323,1243,50
08,420,SIGNY LE PETIT,3,50,03/06/10,200041622,CC Ardennes Thiérache,08420,1219,50
24,295,MONTREM,3,50,04/04/19,200040095,CC Isle Vern Salembre en Périgord,24295,1203,50
22,218,PLOUGRESCANT,3,50,22/09/08,200065928,CA Lannion-Trégor Communauté,22218,1198,50
27,108,BOURTH,3,50,21/09/12,200066462,CC Interco Normandie Sud Eure,27108,1166,50
57,104,BOUST,3,50,26/08/10,245700695,CC de Cattenom et Environs,57104,1159,50
61,324,PASSAIS VILLAGES,3,100,11/02/16,200068443,CC Andaine - Passais,61324,1159,100
62,164,BOURLON,3,100,12/07/19,200044048,CC Osartis Marquion,62164,1148,100
01,022,ARTEMARE,3,100,08/09/08,200040350,CC Bugey Sud,01022,1141,100
27,170,CORMEILLES,3,100,30/07/09,200066017,CC Lieuvin Pays d'Auge,27170,1136,100
33,046,BERNOS,3,100,11/05/09,200043982,CC du Bazadais,33046,1134,100
32,252,MIELAN,3,50,19/08/09,243200425,CC Coeur d'Astarac en Gascogne,32252,1132,50
51,025,AUMENANCOURT,3,100,20/02/24,200067213,CU du Grand Reims,51025,1118,100
18,165,NEUVY SUR BARANGEON,3,100,19/09/08,200090561,CC Vierzon-Sologne-Berry,18165,1114,100
57,510,NOISSEVILLE,3,50,28/09/23,200039865,Metz Métropole,57510,1103,50
76,556,SAINT-ANTOINE-LA-FORET,3,50,04/09/08,200010700,CA Caux Seine Agglo,76556,1101,50
27,126,CAMPIGNY,3,50,12/06/08,200065787,CC de Pont-Audemer / Val de Risle,27126,1097,50
59,430,NEUVILLY,3,50,26/04/16,200030633,CA du Caudrésis et du Catésis,59430,1091,50
74,139,HABERE-LULLIN,3,50,19/09/08,247400047,CC de la Vallée Verte,74139,1091,50
38,002,LES ADRETS,3,50,12/04/22,200018166,CC Le Grésivaudan,38002,1072,50
81,225,RIVIERES,3,50,06/03/08,200066124,CA Gaillac-Graulhet,81225,1065,50
54,176,EINVILLE-AU-JARD,3,50,19/03/07,245400759,CC du Pays du Sanon,54176,1062,50
62,905,ZUDAUSQUES,3,100,18/09/13,246201016,CC du Pays de Lumbres,62905,1061,100
47,301,SEYCHES,3,100,18/09/23,200030674,CA Val de Garonne Agglomération,47301,1057,100
29,016,BRASPARTS,3,50,15/06/23,200067197,CC Monts d'Arrée Communauté,29016,1055,50
77,101,CHATENAY SUR SEINE,3,50,10/09/09,200040251,CC Bassée-Montois,77101,1049,50
29,001,ARGOL,3,50,12/09/08,200066868,CC Presqu'île de Crozon-Aulne maritime,29001,1043,50
77,211,GRANDPUITS BAILLY CARROI,3,50,17/09/08,247700701,CC Brie Nangissienne,77211,1014,50
28,035,BERCHERES LES PIERRES,3,100,20/09/17,200033181,CA Chartres Métropole,28035,1000,100
63,395,SAINT SANDOUX,3,50,08/09/08,200069177,CC Mond'Arverne Communauté,63395,996,50
59,463,PITGAM,3,50,12/02/19,200040954,CC des Hauts de Flandre,59463,992,50
77,031,BERNAY VILBERT,3,50,05/09/08,200072874,CC Val Briard,77031,991,50
56,134,MOHON,3,100,12/10/18,200066777,CC Ploërmel Communauté,56134,988,100
51,046,BEINE NAUROY,3,100,23/04/18,200067213,CU du Grand Reims,51046,987,100
64,289,LABASTIDE CLAIRENCE,3,50,29/09/20,200067106,CA du Pays Basque,64289,987,50
08,188,GESPUNSART,3,50,30/06/14,200041630,CA Ardenne Métropole,08188,969,50
02,748,TRELOU SUR MARNE,3,50,10/04/19,200072031,CA de la Région de Château-Thierry,02748,948,50
41,049,CHEMERY,3,100,11/09/08,200072064,CC Val-de-Cher-Controis,41049,944,100
86,074,CHIRE EN MONTREUIL,3,70,28/09/23,200069763,CC du Haut-Poitou,86074,923,70
05,161,LA SALLE LES ALPES,3,50,23/09/08,240500439,CC du Briançonnais,05161,919,50
59,308,HONDEGHEM,3,50,29/09/09,200040947,CA Coeur de Flandre,59308,915,50
60,309,HENONVILLE,3,50,18/10/16,246000582,CC des Sablons,60309,909,50
59,433,NIEURLET,3,50,13/09/15,200040954,CC des Hauts de Flandre,59433,906,50
89,096,CHEMILLY-SUR-YONNE,3,50,19/09/11,200067304,CC Serein et Armance,89096,895,50
67,330,NIEDERROEDERN,3,50,22/03/16,200041283,CC de la Plaine du Rhin,67330,894,50
83,045,CORRENS,3,100,30/06/15,200068104,CA de la Provence Verte,83045,891,100
17,174,GENOUILLE,3,50,26/10/15,200041614,CC Aunis Sud,17174,889,50
90,049,FOUSSEMAGNE,3,100,16/09/10,200069052,CA Grand Belfort,90049,885,100
69,103,JULIENAS,3,50,23/09/20,200067817,CC Saône-Beaujolais,69103,883,50
81,142,LEMPAUT,3,50,27/09/10,243100567,CC Aux sources du Canal du Midi,81142,883,50
27,543,SAINT GEORGES MOTEL,3,50,25/09/23,200040277,CA Agglo du Pays de Dreux,27543,880,50
31,246,LABARTHE INARD,3,50,05/12/19,200072643,CC Coeur et Coteaux du Comminges,31246,872,50
77,418,SAINT LOUP DE NAUD,3,50,07/12/22,200037133,CC du Provinois,77418,859,50
61,077,CERISE,3,50,27/09/11,246100663,CU d'Alençon,61077,853,50
68,090,FERRETTE,3,50,09/10/09,200066041,CC Sundgau,68090,848,50
59,437,NOYELLES LES SECLIN,3,50,26/03/12,200093201,Métropole Européenne de Lille,59437,839,50
47,070,CONDEZAYGUES,3,50,01/07/19,200068930,CC Fumel Vallée du Lot,47070,837,50
67,421,SAALES,3,50,25/09/08,246700306,CC de la Vallée de la Bruche,67421,827,50
24,498,ST SAUD LACOUSSIERE,3,50,17/09/09,200071819,CC du Périgord Nontronnais,24498,823,50
15,169,SAIGNES,3,50,09/09/20,241501055,CC Sumène - Artense,15169,821,50
42,268,VEZELIN SUR LOIRE,3,100,19/09/07,244200614,CC des Vals d'Aix et Isable,42268,816,100
55,500,SPINCOURT,3,50,25/09/09,200066173,CC de Damvillers Spincourt,55500,815,50
02,058,BEAURIEUX,3,100,07/11/08,240200592,CC du Chemin des Dames,02058,813,100
87,181,ST SULPICE-LAURIERE,3,50,10/02/16,200066512,CC Élan Limousin Avenir Nature,87181,804,50
2B,311,SANTA MARIA POGGIO,3,50,20/06/14,200034205,CC de la Costa Verde,2B311,798,50
76,592,SAINT-JEAN-DE-FOLLEVILLE,3,50,22/09/08,200010700,CA Caux Seine Agglo,76592,798,50
38,062,LA BUISSIERE,3,100,17/09/21,200018166,CC Le Grésivaudan,38062,791,100
2B,303,SAN GIULIANO,3,50,22/09/17,200034205,CC de la Costa Verde,2B303,787,50
74,101,DINGY-EN-VUACHE,3,100,19/01/21,247400690,CC du Genevois,74101,787,100
30,002,AIGREMONT,3,50,15/10/09,200034411,CC du Piémont Cévenol,30002,777,50
17,043,BERNAY SAINT MARTIN,3,100,26/09/08,200041689,CC Vals de Saintonge Communauté,17043,761,100
39,130,NANCHEZ,3,50,22/07/16,243900610,CC la Grandvallière,39130,761,50
29,144,LA MARTYRE,3,50,19/09/15,242900801,CA du Pays de Landerneau-Daoulas,29144,756,50
68,044,LE BONHOMME,3,50,05/03/10,246800551,CC de la Vallée de Kaysersberg,68044,753,50
56,048,LE CROISTY,3,50,12/09/13,245614417,CC Roi Morvan Communauté,56048,742,50
89,378,SAUVIGNY-LE-BOIS,3,50,30/09/08,200039758,"CC Avallon, Vézelay, Morvan",89378,739,50
22,026,CALORGUEN,3,100,07/12/19,200068989,CA Dinan Agglomération,22026,722,100
27,655,TOURVILLE SUR PONT AUDEM,3,50,02/09/08,200065787,CC de Pont-Audemer / Val de Risle,27655,722,50
63,219,MAZAYE,3,50,27/07/07,200069169,CC Dômes Sancy Artense,63219,708,50
76,342,HATTENVILLE,3,50,29/11/12,200010700,CA Caux Seine Agglo,76342,707,50
03,189,MONTVICQ,3,50,12/09/08,200071512,CC Commentry Montmarault Néris Communauté,03189,697,50
31,144,CIERP GAUD,3,50,11/10/18,200072635,CC Pyrénées Haut Garonnaises,31144,696,50
80,364,FRIAUCOURT,3,50,16/12/13,247600588,CC des Villes Soeurs,80364,692,50
54,504,SERROUVILLE,3,50,04/12/12,200070290,CC Coeur du Pays Haut,54504,674,50
34,152,MAS DE LONDRES,3,100,06/09/21,200022986,CC du Grand Pic Saint-Loup,34152,673,100
38,426,ST MAXIMIN,3,100,13/09/19,200018166,CC Le Grésivaudan,38426,672,100
91,538,SAINT AUBIN,3,100,19/04/22,200056232,CA Communauté Paris-Saclay,91538,671,100
76,693,LE TILLEUL,3,50,20/09/11,200084952,CU Le Havre Seine Métropole,76693,666,50
62,569,MERCK SAINT LIEVIN,3,100,02/08/21,200069037,CA du Pays de Saint-Omer,62569,664,100
27,125,CALLEVILLE,3,50,27/06/08,200066413,CC Intercom Bernay Terres de Normandie,27125,661,50
68,137,HINDLINGEN,3,50,05/10/21,200066033,CC Sud Alsace Largue,68137,631,50
34,131,LAURET,3,50,29/09/21,200022986,CC du Grand Pic Saint-Loup,34131,621,50
79,161,LUZAY,3,50,22/01/08,247900798,CC du Thouarsais,79161,621,50
46,262,LENDOU-EN-QUERCY,3,50,06/07/18,200039519,CC du Quercy Blanc,46262,620,50
72,103,COURDEMANCHE,3,50,11/09/08,200070373,CC Loir-Lucé-Bercé,72103,614,50
77,179,FERICY,3,50,28/09/09,200070779,CC Brie des Rivières et Châteaux,77179,613,50
61,279,MIEUXCE,3,50,29/09/09,246100663,CU d'Alençon,61279,611,50
59,397,MERCKEGHEM,3,50,22/09/16,200040954,CC des Hauts de Flandre,59397,609,50
12,032,BOUSSAC,3,100,06/07/12,200068831,CC Pays Ségali Communauté,12032,605,100
60,043,BAILLY,3,100,28/08/09,246000772,CC des Deux Vallées,60043,605,100
36,207,SAINT-PLANTAIRE,3,50,14/09/12,200007052,CC de la Marche Berrichonne,36207,602,50
45,268,ST AIGNAN LE JAILLARD,3,50,30/06/17,200070100,CC du Val de Sully,45268,602,50
76,513,QUEVILLON,3,50,23/09/20,200023414,Métropole Rouen Normandie,76513,591,50
62,704,RENTY,3,100,11/04/12,200069037,CA du Pays de Saint-Omer,62704,589,100
95,298,HARAVILLIERS,3,50,17/10/17,200035970,CC Vexin Centre,95298,582,50
27,468,PONT AUTHOU,3,50,19/09/08,200065787,CC de Pont-Audemer / Val de Risle,27468,580,50
27,591,ST PIERRE DE CORMEILLES,3,50,22/09/08,200066017,CC Lieuvin Pays d'Auge,27591,580,50
10,239,MESNIL-SELLIERES,3,50,15/09/15,241000223,"CC Forêts, Lacs, Terres en Champagne",10239,574,50
57,337,HOSTE,3,50,14/12/18,245700398,CC de Freyming-Merlebach,57337,572,50
37,142,MAILLE,3,50,25/09/15,200072668,CC Touraine Val de Vienne,37142,559,50
03,132,JALIGNY SUR BESBRE,3,100,14/09/23,200071470,CC Entr'Allier Besbre et Loire,03132,556,100
79,134,GLENAY,3,50,13/09/16,247900798,CC du Thouarsais,79134,539,50
81,114,LABASTIDE GABAUSSE,3,50,29/07/13,200040905,CC Carmausin-Ségala,81114,538,50
73,039,BELMONT-TRAMONET,3,100,06/04/23,247300528,CC Val Guiers,73039,512,100
16,012,ANGEAC CHAMPAGNE,3,50,19/05/08,200070514,CA du Grand Cognac,16012,496,50
64,064,ASASP ARROS,3,50,13/04/21,200067262,CC du Haut Béarn,64064,492,50
73,235,SAINT FRANCOIS LONGCHAMP,3,50,26/09/17,247300361,CC du Canton de La Chambre,73235,487,50
70,055,BAUDONCOURT,3,50,22/09/23,247000755,CC du Pays de Luxeuil,70055,484,50
88,190,FRIZON,3,100,02/09/22,200068757,CA d'Epinal,88190,484,100
30,065,CANAULES ET ARGENTIERES,3,50,30/09/16,200034411,CC du Piémont Cévenol,30065,477,50
60,123,CAMPREMY,3,100,13/06/23,200068005,CC de l'Oise Picarde,60123,476,100
27,606,SAINT SYMPHORIEN,3,50,20/12/07,200065787,CC de Pont-Audemer / Val de Risle,27606,470,50
87,087,LUSSAC-LES-EGLISES,3,50,29/09/19,200071942,CC Haut Limousin en Marche,87087,463,50
27,646,LE TORPT,3,50,22/09/07,200066017,CC Lieuvin Pays d'Auge,27646,460,50
31,304,LOUBENS LAURAGAIS,3,50,29/09/21,200071298,CC des Terres du Lauragais,31304,454,50
21,294,GERLAND,3,100,24/09/15,200070894,CC de Gevrey-Chambertin et de Nuits-Saint-Georges,21294,441,100
18,243,SANTRANGES,3,50,14/09/15,200069227,CC Pays Fort Sancerrois Val de Loire,18243,438,50
07,083,DUNIERE SUR EYRIEUX,3,50,27/09/10,200071413,CA Privas Centre Ardèche,07083,437,50
60,177,CRESSONSACQ,3,50,23/09/09,246000566,CC du Plateau Picard,60177,437,50
89,053,BRANCHES,3,50,26/09/23,200067114,CA de l'Auxerrois,89053,435,50
68,275,RIMBACH-PRES-MASEVAUX,3,100,17/09/07,246800676,CC de la Vallée de la Doller et du Soultzbach,68275,433,100
76,142,BREMONTIER MERVAL,3,50,18/11/16,200069730,CC des 4 rivières,76142,430,50
08,137,DAMOUZY,3,50,07/09/12,200041630,CA Ardenne Métropole,08137,428,50
22,217,PLOUGRAS,3,50,08/02/12,200065928,CA Lannion-Trégor Communauté,22217,428,50
76,317,GRAINVILLE YMAUVILLE,3,50,28/01/21,247600505,CC Campagne-de-Caux,76317,423,50
35,044,BROUALAN,3,50,24/09/13,200070670,CC du Pays de Dol et de la Baie du Mont Saint-Michel,35044,411,50
19,076,ESPARTIGNAC,3,100,26/09/19,241927243,CC du Pays d'Uzerche,19076,409,100
81,293,TAURIAC,3,50,07/02/13,200066124,CA Gaillac-Graulhet,81293,396,50
67,149,FURCHHAUSEN,3,100,03/09/07,200068112,CC du Pays de Saverne,67149,391,100
80,572,MORLANCOURT,3,50,02/07/13,248000747,CC du Pays du Coquelicot,80572,378,50
47,150,LONGUEVILLE,3,50,27/09/23,200030674,CA Val de Garonne Agglomération,47150,375,50
77,026,BEAUCHERY SAINT MARTIN,3,80,30/06/21,200037133,CC du Provinois,77026,374,80
17,081,CHAMOUILLAC,3,50,19/09/08,200041523,CC de la Haute Saintonge,17081,369,50
55,144,DAMMARIE SUR SAULX,3,100,26/09/08,200066108,CC des Portes de Meuse,55144,369,100
11,438,VILLESISCLE,3,50,29/09/07,200035707,CC Piège Lauragais Malepère,11438,366,50
21,347,LEVERNOIS,3,50,28/09/23,200006682,"CA Beaune, Côte et Sud - Communauté Beaune-Chagny-Nolay",21347,364,50
52,006,ALLICHAMPS,3,50,03/10/14,200068666,CA de Saint-Dizier Der et Blaise,52006,362,50
72,083,CHEVILLE,3,100,16/02/20,200040475,CC LBN Communauté,72083,357,100
14,379,LONGVILLERS,3,50,28/08/08,200069524,CC Pré-Bocage Intercom,14379,356,50
65,473,VILLELONGUE,3,100,03/10/17,200070811,CC Pyrénées Vallées des Gaves,65473,353,100
71,252,LALHEUE,3,100,18/09/19,247103765,CC Entre Saône et Grosne,71252,350,100
83,044,COMPS SUR ARTUBY,3,50,22/09/07,248300493,CA Dracénie Provence Verdon Agglomération,83044,346,50
24,097,CHAMPAGNE FONTAINE,3,50,29/11/13,200040400,CC du Périgord Ribéracois,24097,343,50
79,203,PAS DE JEU,3,50,10/07/17,247900798,CC du Thouarsais,79203,343,50
61,327,PERVENCHERES,3,100,18/09/23,200036069,CC du Pays de Mortagne au Perche,61327,342,100
34,044,CABREROLLES,3,50,05/03/14,200071058,CC Les Avant-Monts,34044,338,50
24,351,RIBAGNAC,3,50,03/12/12,200070647,CA Bergeracoise,24351,334,50
27,697,VIRONVAY,3,50,16/11/10,200089456,CA Seine-Eure,27697,331,50
19,249,ST YRIEIX LE DEJALAT,3,100,25/03/11,241900133,CC de Ventadour - Egletons - Monédières,19249,329,100
51,086,BREUIL SUR VESLE,3,50,03/04/19,200067213,CU du Grand Reims,51086,326,50
27,298,GRAVERON SEMERVILLE,3,100,24/06/14,242700607,CC du Pays du Neubourg,27298,321,100
79,274,SAINT MARTIN DE MACON,3,50,04/06/09,247900798,CC du Thouarsais,79274,320,50
02,480,MESBRECOURT RICHECOURT,3,50,30/05/18,240200469,CC du Pays de la Serre,02480,318,50
62,490,LATTRE SAINT QUENTIN,3,100,08/09/14,200069482,CC des Campagnes de l'Artois,62490,318,100
33,429,SAINT-LEGER-DE-BALSON,3,100,06/03/09,200043974,CC du Sud Gironde,33429,316,100
53,046,LE BURET,3,50,28/08/08,245300223,CC du Pays de Meslay-Grez,53046,313,50
11,221,LES MARTYS,3,100,17/09/07,200042463,CC de la Montagne Noire,11221,307,100
16,213,MAZEROLLES,3,100,12/09/22,200072049,CC de Charente Limousine,16213,305,100
88,356,LES POULIERES,3,50,30/09/23,200071066,CA de Saint-Dié-des-Vosges,88356,302,50
63,268,PARDINES,3,50,21/09/18,200070407,CA Agglo Pays d'Issoire,63268,301,50
03,293,URCAY,3,100,05/02/18,240300558,CC du Pays de Tronçais,03293,296,100
80,624,PIERREGOT,3,50,29/03/19,200070951,CC du Territoire Nord Picardie,80624,282,50
39,445,PUBLY,3,50,16/07/15,200071116,CA ECLA  (Espace Communautaire Lons Agglomération),39445,276,50
17,195,LA JARRIE AUDOUIN,3,100,11/09/08,200041689,CC Vals de Saintonge Communauté,17195,272,100
55,025,BAALON,3,100,29/09/17,200066132,CC du Pays de Stenay et du Val Dunois,55025,268,100
38,535,VERNAS,3,100,17/09/14,200068542,CC Les Balcons du Dauphiné,38535,266,100
64,426,ORIN,3,50,06/12/13,200067262,CC du Haut Béarn,64426,266,50
87,037,LA CHAPELLE-MONTBRANDEIX,3,50,18/09/18,200066520,CC Ouest Limousin,87037,264,50
04,216,THEZE,3,50,13/07/11,200068765,CC du Sisteronais-Buëch,04216,256,50
02,787,VERNEUIL SUR SERRE,3,50,23/06/16,240200469,CC du Pays de la Serre,02787,255,50
11,209,LUC SUR AUDE,3,50,17/02/14,200071926,CC du Limouxin,11209,253,50
86,084,COULONGES,3,100,24/06/16,200070043,CC Vienne et Gartempe,86084,232,100
03,152,LOUROUX DE BOUBLE,3,50,09/02/21,200071389,CC Saint-Pourçain Sioule Limagne,03152,228,50
16,052,BORS DE MONTMOREAU,3,50,30/06/22,200070282,CC Lavalette Tude Dronne,16052,227,50
87,074,LES GRANDS CHEZEAUX,3,50,11/12/19,200071942,CC Haut Limousin en Marche,87074,227,50
23,249,ST YRIEIX LA MONTAGNE,3,100,12/07/21,200044014,CC Creuse Grand Sud,23249,221,100
55,300,LONGEAUX,3,100,29/08/08,200033025,CA de Bar-le-Duc - Sud Meuse,55300,219,100
67,232,KEFFENACH,3,100,04/09/23,200040178,CC de l'Outre-Forêt,67232,204,100
63,348,SAINT-GENES-LA-TOURETTE,3,100,09/04/21,200070407,CA Agglo Pays d'Issoire,63348,189,100
76,189,CRASVILLE LA MALLET,3,100,14/09/07,200069839,CC de la Côte d'Albâtre,76189,189,100
80,529,MERELESSART,3,100,29/09/10,200070993,CA de la Baie de Somme,80529,187,100
76,478,NOTRE-DAME-DU-PARC,3,100,30/09/08,200068534,CC Terroir de Caux,76478,185,100
15,106,LIEUTADES,3,50,27/09/22,200066660,CC de Saint-Flour,15106,171,50
72,362,LE TRONCHET,3,50,18/09/08,200072700,CC Haute Sarthe Alpes Mancelles,72362,169,50
17,157,FENIOUX,3,100,27/09/23,200041689,CC Vals de Saintonge Communauté,17157,168,100
59,062,BEAURIEUX,3,50,16/09/09,200043263,CC Coeur de l'Avesnois,59062,167,50
32,455,TRONCENS,3,50,22/06/23,243200508,CC Bastides et Vallons du Gers,32455,162,50
47,087,ENGAYRAC,3,50,20/09/22,200096956,CA Agglomération d'Agen,47087,159,50
47,255,ST MARTIN DE BEAUVILLE,3,100,11/09/10,200096956,CA Agglomération d'Agen,47255,156,100
19,040,CHAMPAGNAC LA PRUNE,3,50,01/04/16,241927201,CA Tulle Agglo,19040,150,50
66,117,MONT LOUIS,3,50,11/05/10,246600464,CC Pyrénées Catalanes,66117,150,50
07,118,LABOULE,3,100,04/04/23,240700302,CC du Pays Beaume-Drobie,07118,144,100
21,530,ROUGEMONT,3,50,26/09/17,242101491,CC du Montbardois,21530,144,50
88,174,FOMEREY,3,50,10/09/13,200068757,CA d'Epinal,88174,141,50
89,006,ANCY-LE-LIBRE,3,50,13/10/21,200039642,CC Le Tonnerrois en Bourgogne,89006,141,50
79,331,TOURTENAY,3,100,17/10/16,247900798,CC du Thouarsais,79331,126,100
19,104,LAMONGERIE,3,100,28/09/07,241927243,CC du Pays d'Uzerche,19104,124,100
88,139,DOMBASLE EN XAINTOIS,3,100,01/07/09,200068369,CC de Mirecourt Dompaire,88139,124,100
21,647,TRUGNY,3,50,29/09/16,242101509,CC Rives de Saône,21647,121,50
81,082,LE DOURN,3,100,14/10/22,248100497,CC Val 81,81082,116,100
47,200,PARRANQUET,3,50,09/05/19,200036523,CC des Bastides en Haut Agenais Périgord,47200,115,50
51,549,SOMME YEVRE,3,50,14/09/21,200042703,CC de l'Argonne Champenoise,51549,112,50
48,067,GABRIAC,3,50,03/07/19,200069136,CC des Cévennes au Mont Lozère,48067,102,50
88,469,THIRAUCOURT,3,50,04/10/19,200068369,CC de Mirecourt Dompaire,88469,100,50
80,397,GUEUDECOURT,3,50,30/07/12,200037059,CC de la Haute Somme (Combles - Péronne - Roisel),80397,96,50
76,505,POMMEREUX,3,100,29/09/23,200069730,CC des 4 rivières,76505,94,100
51,197,LA CROIX EN CHAMPAGNE,3,50,25/09/14,200042620,CC de la Région de Suippes,51197,86,50
62,433,HERICOURT,3,100,12/09/23,200069672,CC du Ternois,62433,79,100
54,452,REILLON,3,50,23/09/08,200069433,CC de Vezouze en Piémont,54452,73,50
04,040,LE CASTELLARD MELAN,3,100,16/09/14,200067437,CA Provence-Alpes-Agglomération,04040,62,100
52,234,HACOURT,3,100,16/05/22,200069664,CC Meuse Rognon,52234,41,100
65,179,FRECHENDETS,3,100,06/10/22,200070787,CC du Plateau de Lannemezan,65179,31,100
